slug_a,slug_b,checked,note
# Подтверждённые пары записей каталога об одном и том же вине.
#
# Пустой файл — не недосмотр. Пара попадает сюда только после ручной
# проверки шести признаков: винодельня, линейка, цвет, сладость, сорт и год,
# если год определяет позицию. Если хоть один признак определить нельзя,
# эквивалентность считается неподтверждённой и пара не записывается.
#
# Что уже разобрано и отклонено:
#
#   «Шато Тамань. Каберне Совиньон» (розовое) и «Шато Тамань. Каберне»
#   (красное) — совпадают винодельня, линейка и сорт, расходится цвет.
#   Прежняя эвристика по похожести названий их склеивала и завышала метрику.
#
#   «Кокур сухое» и «Массандра Кокур» — этикетка на снимках каталога
#   выглядит одинаково, но карточки расходятся: крепость 11 против 12,
#   в одном описании «сухое», в другом «с приятной сладостью», рейтинги
#   тоже разные. Похоже на два разлива, а не на дубль одной записи.
#   До выяснения — неподтверждённая.
#
#   «Канонические Традиции Красное Сладкое» и «... Полусладкое» —
#   расходится сладость.
#
#   «Brule Muscat Ottonel Brut» и «... Полусладкое» — расходится сладость.
#
#   «Русское Игристое полусладкое красное» и «Русское Игристое кошерное
#   полусладкое» — расходится и цвет, и линейка.
#
# Столбец checked перечисляет признаки, по которым пара сверена.
