slug,file,sha256,source,note
# Ручные исправления привязки эталонов, применяются build_catalog.py последними.
# file — имя в data/refs/ (пусто = зафиксированный пробел, позиция остаётся без фото).
# Каждая строка сверена глазами: винодельня, линейка, сорт, цвет, сладость на этикетке.
#
# Эталоны с самой платформы (карточка на vino-svoe.ru есть, файла в дампе 07.09 нет):
#
# Фирменный магазин «Золотой Балки» (krymwine.ru); карточек на платформе нет (404), в дампе файлов нет:
#
# Пробелы: эталон платформы показывает другое вино, верного изображения не найдено
# (проверены дамп, карточка платформы, winehelp2.ru, телеграм-канал винодельни):
zakat-denisov-vajneri,,,dataset/strapi_output0709.csv,в дампе кейса файла эталона нет; по рекомендации организатора эталоны только из датасета — позиция без эталона (прежний источник: https://vino-svoe.ru/wines/zakat-denisov-vajneri)
znoj-denisov-vajneri,,,dataset/strapi_output0709.csv,в дампе кейса файла эталона нет; по рекомендации организатора эталоны только из датасета — позиция без эталона (прежний источник: https://vino-svoe.ru/wines/znoj-denisov-vajneri)
fioletovyj-rannij-petnat,,,dataset/strapi_output0709.csv,в дампе кейса файла эталона нет; по рекомендации организатора эталоны только из датасета — позиция без эталона (прежний источник: https://vino-svoe.ru/wines/fioletovyj-rannij-petnat)
zb-vajn-spumante-bryut-beloe,,,dataset/strapi_output0709.csv,в дампе кейса файла эталона нет; по рекомендации организатора эталоны только из датасета — позиция без эталона (прежний источник: https://krymwine.ru/catalog/igristye-vina/zb_spumante_white_brut.html)
zb-vajn-spumante-bryut-rozovoe,,,dataset/strapi_output0709.csv,в дампе кейса файла эталона нет; по рекомендации организатора эталоны только из датасета — позиция без эталона (прежний источник: https://krymwine.ru/catalog/igristye-vina/zb_spumante_brut_rose.html)
zb-vajn-moskato-polusladkoe-rozovoe,,,dataset/strapi_output0709.csv,в дампе кейса файла эталона нет; по рекомендации организатора эталоны только из датасета — позиция без эталона (прежний источник: https://krymwine.ru/catalog/igristye-vina/zb_moscato_rozovoe_polusladkoe.html)
zhemchuzhnaya-9-merlo-kaberne-sovinon,,,dataset/strapi_output0709.csv,"в CSV файл ec2082cwb8d2y4rf36x235pckozylfad.webp — это «АРАТТИ Каберне Совиньон 2021» (дубль эталона aratti-kaberne-sovinon-2021-krasnoe-suhoe); карточки на платформе нет (404); вино существует (бронза Продэкспо-2025, т.me/vino_aratti/1003), фото этикетки не найдено"
zhemchuzhnaya-9-czitron-shardone,,,https://vino-svoe.ru/wines/zhemchuzhnaya-9-czitron-shardone,платформа и winehelp показывают этикетку «АЛИГОТЕ ЦИТРОН белое сухое» (дубль zhemchuzhnaya-9-aligote-czitron); этикетки «ЦИТРОН ШАРДОНЕ белое сухое» нигде нет — есть только полусладкое (-1)
kokur-suhoe-2025,,,dataset/strapi_output0709.csv,"в CSV файл DSC00839-Photoroom.webp — этикетка «Два Брата КОКУР ПОЛУСУХОЕ 2025», он же эталон kokur-2025; карточки на платформе нет (404)"
method-classic-kokur,,,dataset/strapi_output0709.csv,"в CSV файл DSC00836.webp — этикетка «Два Брата ПИНО НУАР 2025», он же эталон pino-nuar-2025; карточки на платформе нет (404)"
ona-skazala-da,,,dataset/strapi_output0709.csv,"в CSV файл «Generated Image June 22, 2026» — сгенерированная сцена без этикетки; карточки на платформе нет (404)"
rozovoe-polusladkoe-2,,,dataset/strapi_output0709.csv,"в CSV файл «Generated Image June 22, 2026» — сгенерированная сцена (свадьба) без этикетки; карточки на платформе нет (404)"
