slug,source,url
abrau-dyurso-abrau-kupazh-tyomnyy-suhoe-kaberne-sovinon-krasnoe-13,decanter,https://static.decanter.ru/image/270502-vino-abrau-blend-noir-0-75-l-f.jpg
abrau-dyurso-abrau-kupazh-tyomnyy-suhoe-kaberne-sovinon-krasnoe-13,winestyle,https://s2.wine.style/images_gen/874/87411/0_0_1390x1200.webp
soyuz-vino-kanonicheskie-traditsii-krasnoe-sladkoe-kaberne-sovinon-115,proizvoditel,https://thb.tildacdn.com/tild6666-6538-4936-a561-643337396362/-/resize/504x/_full.jpg
fanagoriya-100-ottenkov-krasnogo-kaberne-kaberne-sovinon-krasnoe-suhoe-135,amwine,https://cdn.amwine.ru/upload/resize_cache/iblock/668/620_620_1/668563e226d637a13c90362b1
chateau-tamagne-nature-vert,proizvoditel,https://chateautamagne.ru/files/images/wine/image/27/53/275368529ff456729c2a7932d1846549
chateau-tamagne-nature-vert,winestyle,https://s2.wine.style/images_gen/239/239847/0_0_1982x1200.webp
inkermanskiy-zmv-inkerman-bryut-shardone-beloe-135,winemore,https://winemore.ru/upload/dev2fun.imagecompress/webp/iblock/ebc/1xi6f3368y8w1iamnnubf03
cary-pandas-avtorskoe-vino,proizvoditel,https://massandra.ru/upload/iblock/ce7/djea2yq0r29v0h7g139wniq8sqmqs923.png
vinodelnya-myshako-flute-bryut-beloe-shardone-11,vliga,https://vliga.com/upload/iblock/1ff/r0q2kevg6xgvn5yu9jyww7j5if46pkgp.jpg
novyy-svet-dom-shampanskih-vin-igristoe-vino-vyderzhannoe-bryut-krasnoe-novyy-svet-kaberne-sovinon-135,ast,https://static.ast.wine/iblock/5f5/5f523ea6fc9de4a196eeac6baac89d76/fc90ba88c42cc6dc602f
