image,slug,source,title
11164638_0.jpg,,https://otzovik.com/review_11164638.html,"Вино красное сухое Абрау-Дюрсо ""Абрау Купаж темный"""
13153768_0.jpg,,https://otzovik.com/review_13153768.html,"Вино красное сухое Абрау-Дюрсо ""Абрау Купаж темный"""
13153768_1.jpg,,https://otzovik.com/review_13153768.html,"Вино красное сухое Абрау-Дюрсо ""Абрау Купаж темный"""
13409943_0.jpg,,https://otzovik.com/review_13409943.html,"Вино красное сухое Абрау-Дюрсо ""Абрау Купаж темный"""
13409943_1.jpg,,https://otzovik.com/review_13409943.html,"Вино красное сухое Абрау-Дюрсо ""Абрау Купаж темный"""
14029896_0.jpg,,https://otzovik.com/review_14029896.html,"Вино красное сухое Абрау-Дюрсо ""Абрау Купаж темный"""
14029896_2.jpg,,https://otzovik.com/review_14029896.html,"Вино красное сухое Абрау-Дюрсо ""Абрау Купаж темный"""
5784977_0.jpg,,https://otzovik.com/review_5784977.html,"Вино красное сухое Абрау-Дюрсо ""Абрау Купаж темный"""
5784977_1.jpg,,https://otzovik.com/review_5784977.html,"Вино красное сухое Абрау-Дюрсо ""Абрау Купаж темный"""
9417887_0.jpg,,https://otzovik.com/review_9417887.html,"Вино красное сухое Абрау-Дюрсо ""Абрау Купаж темный"""
ir_etiketka-zashla-vot-vino-net-tot-sluchai_1.jpg,,https://irecommend.ru/content/etiketka-zashla-vot-vino-net-tot-sluchai-kogda-marketing-otrabotal-na-vse-100,Вино тихое белое полусухое Золотая балка ZBWine RIESLING &quot;Неважно – важно&quot;
ir_etiketka-zashla-vot-vino-net-tot-sluchai_2.jpg,,https://irecommend.ru/content/etiketka-zashla-vot-vino-net-tot-sluchai-kogda-marketing-otrabotal-na-vse-100,Вино тихое белое полусухое Золотая балка ZBWine RIESLING &quot;Неважно – важно&quot;
ir_luchshee-iz-dostupnykh-vin-na-segodnya-m_0.jpg,,https://irecommend.ru/content/luchshee-iz-dostupnykh-vin-na-segodnya-moe-mnenie-o-fanagorii-izmenilos-v-korne,Вино красное сухое Fanagoria / Фанагория Авторское Каберне-Саперави-Красностоп
ir_luchshee-iz-dostupnykh-vin-na-segodnya-m_2.jpg,,https://irecommend.ru/content/luchshee-iz-dostupnykh-vin-na-segodnya-moe-mnenie-o-fanagorii-izmenilos-v-korne,Вино красное сухое Fanagoria / Фанагория Авторское Каберне-Саперави-Красностоп
ir_mozhet-li-deshevoe-vino-byt-khoroshim-ya_1.jpg,,https://irecommend.ru/content/mozhet-li-deshevoe-vino-byt-khoroshim-ya-somnevalas-poka-mne-ne-popalos-vino-fanagoriya-kabe,Вино красное сухое Фанагория Каберне Номерной резерв
ir_mozhet-li-deshevoe-vino-byt-khoroshim-ya_2.jpg,,https://irecommend.ru/content/mozhet-li-deshevoe-vino-byt-khoroshim-ya-somnevalas-poka-mne-ne-popalos-vino-fanagoriya-kabe,Вино красное сухое Фанагория Каберне Номерной резерв
ir_myagkoe-s-priyatnym-agodnym-vkusom-i-per_0.jpg,,https://irecommend.ru/content/myagkoe-s-priyatnym-agodnym-vkusom-i-perechno-yagodnym-poslevkusiem,Вино красное сухое Фанагория Авторское Вино Каберне-Мерло
ir_myagkoe-s-priyatnym-agodnym-vkusom-i-per_1.jpg,,https://irecommend.ru/content/myagkoe-s-priyatnym-agodnym-vkusom-i-perechno-yagodnym-poslevkusiem,Вино красное сухое Фанагория Авторское Вино Каберне-Мерло
ir_myagkoe-s-priyatnym-agodnym-vkusom-i-per_2.jpg,,https://irecommend.ru/content/myagkoe-s-priyatnym-agodnym-vkusom-i-perechno-yagodnym-poslevkusiem,Вино красное сухое Фанагория Авторское Вино Каберне-Мерло
ir_podderzhivaem-otechestvennykh-proizvodit_0.jpg,,https://irecommend.ru/content/podderzhivaem-otechestvennykh-proizvoditelei-pem-vinishko-iz-krasnodarskogo-kraya,Вино белое сухое Fanagoria / Фанагория Авторский стиль. Рислинг - Совиньон - Шардоне – Алиготе
ir_podderzhivaem-otechestvennykh-proizvodit_1.jpg,,https://irecommend.ru/content/podderzhivaem-otechestvennykh-proizvoditelei-pem-vinishko-iz-krasnodarskogo-kraya,Вино белое сухое Fanagoria / Фанагория Авторский стиль. Рислинг - Совиньон - Шардоне – Алиготе
ir_podderzhivaem-otechestvennykh-proizvodit_2.jpg,,https://irecommend.ru/content/podderzhivaem-otechestvennykh-proizvoditelei-pem-vinishko-iz-krasnodarskogo-kraya,Вино белое сухое Fanagoria / Фанагория Авторский стиль. Рислинг - Совиньон - Шардоне – Алиготе
ir_prekrasnyi-aperitiv-na-leto-interesnaya-_0.jpg,,https://irecommend.ru/content/prekrasnyi-aperitiv-na-leto-interesnaya-novinka-fanagorii,Вино розовое полусухое Fanagoria / Фанагория Qortis
ir_prekrasnyi-aperitiv-na-leto-interesnaya-_1.jpg,,https://irecommend.ru/content/prekrasnyi-aperitiv-na-leto-interesnaya-novinka-fanagorii,Вино розовое полусухое Fanagoria / Фанагория Qortis
ir_prekrasnyi-aperitiv-na-leto-interesnaya-_2.jpg,,https://irecommend.ru/content/prekrasnyi-aperitiv-na-leto-interesnaya-novinka-fanagorii,Вино розовое полусухое Fanagoria / Фанагория Qortis
ir_pei-da-raduisya_0.jpg,,https://irecommend.ru/content/pei-da-raduisya,Вино красное сладкое Fanagoria / Фанагория Каноническое
ir_pei-da-raduisya_2.jpg,,https://irecommend.ru/content/pei-da-raduisya,Вино красное сладкое Fanagoria / Фанагория Каноническое
ir_ochen-vkusnoe-legkoe-vino-dlya-semeinogo_0.jpg,fanagoriya-brule-muscat-ottonel-brut-muskat-ottonel-beloe-polusladkoe-12,https://irecommend.ru/content/ochen-vkusnoe-legkoe-vino-dlya-semeinogo-torzhestva-i-druzheskikh-posidelok,Вино игристое белое полусладкое Fanagoria / Фанагория Брюле Мускат Оттонель
ir_pei-da-raduisya_1.jpg,soyuz-vino-kanonicheskie-traditsii-krasnoe-sladkoe-kaberne-sovinon-115,https://irecommend.ru/content/pei-da-raduisya,Вино красное сладкое Fanagoria / Фанагория Каноническое
ir_ochen-vkusnoe-legkoe-vino-dlya-semeinogo_1.jpg,,https://irecommend.ru/content/ochen-vkusnoe-legkoe-vino-dlya-semeinogo-torzhestva-i-druzheskikh-posidelok,Вино игристое белое полусладкое Fanagoria / Фанагория Брюле Мускат Оттонель
02eef911.webp,massandra-muskatel-belyy-belye-sorta-vinograda-beloe-sladkoe-16,публичный набор кейса,
019c68d0.jpg,,публичный набор кейса,
096ca74e.jpg,,публичный набор кейса,
