image,source_file,score,date,time
org001_0.jpg,1.73_06-09-2026_14-54-06.webp,1.73,06-09-2026,14-54-06
org002_0.jpg,2.69_27-08-2026_14-29-00.webp,2.69,27-08-2026,14-29-00
org003_0.jpg,41.8_22-08-2026_20-56-40.webp,41.8,22-08-2026,20-56-40
org004_0.jpg,48.98_02-09-2026_18-34-15.webp,48.98,02-09-2026,18-34-15
org005_0.jpg,68.81_05-09-2026_15-46-31.webp,68.81,05-09-2026,15-46-31
org006_0.jpg,70.45_04-09-2026_13-35-37.webp,70.45,04-09-2026,13-35-37
org007_0.jpg,72.97_09-09-2026_19-38-57.webp,72.97,09-09-2026,19-38-57
org008_0.jpg,82.33_27-08-2026_10-03-52.webp,82.33,27-08-2026,10-03-52
org009_0.jpg,84.73_07-09-2026_11-07-51.webp,84.73,07-09-2026,11-07-51
org010_0.jpg,87.09_22-08-2026_20-57-16.webp,87.09,22-08-2026,20-57-16
org011_0.jpg,87.54_03-09-2026_13-27-53.webp,87.54,03-09-2026,13-27-53
org012_0.jpg,87.6_20-08-2026_19-56-56.webp,87.6,20-08-2026,19-56-56
org013_0.jpg,87.81_09-09-2026_17-16-36.webp,87.81,09-09-2026,17-16-36
org014_0.jpg,87.88_28-08-2026_16-56-20.webp,87.88,28-08-2026,16-56-20
org015_0.jpg,88.2_05-09-2026_16-29-06.webp,88.2,05-09-2026,16-29-06
org016_0.jpg,88.38_20-08-2026_18-32-58.webp,88.38,20-08-2026,18-32-58
org017_0.jpg,89.65_19-08-2026_19-48-39.webp,89.65,19-08-2026,19-48-39
org018_0.jpg,90.5_02-09-2026_10-32-11.webp,90.5,02-09-2026,10-32-11
org019_0.jpg,91.07_20-08-2026_18-37-46.webp,91.07,20-08-2026,18-37-46
org020_0.jpg,91.43_02-09-2026_12-08-50.webp,91.43,02-09-2026,12-08-50
org021_0.jpg,92.21_19-08-2026_18-57-31.webp,92.21,19-08-2026,18-57-31
org022_0.jpg,92.6_07-09-2026_11-04-40.webp,92.6,07-09-2026,11-04-40
org023_0.jpg,92.94_21-08-2026_19-37-08.webp,92.94,21-08-2026,19-37-08
org024_0.jpg,92.96_19-08-2026_21-07-12.webp,92.96,19-08-2026,21-07-12
org025_0.jpg,92.99_02-09-2026_04-20-19.webp,92.99,02-09-2026,04-20-19
org026_0.jpg,93.31_05-09-2026_13-39-37.webp,93.31,05-09-2026,13-39-37
org027_0.jpg,93.43_05-09-2026_13-34-45.webp,93.43,05-09-2026,13-34-45
org028_0.jpg,93.68_19-08-2026_20-44-28.webp,93.68,19-08-2026,20-44-28
org029_0.jpg,93.84_02-09-2026_17-13-04.webp,93.84,02-09-2026,17-13-04
org030_0.jpg,93.95_05-09-2026_15-29-36.webp,93.95,05-09-2026,15-29-36
org031_0.jpg,93.97_28-08-2026_16-02-48.webp,93.97,28-08-2026,16-02-48
org032_0.jpg,94.02_24-08-2026_17-46-57.webp,94.02,24-08-2026,17-46-57
org033_0.jpg,94.43_05-09-2026_15-29-25.webp,94.43,05-09-2026,15-29-25
org034_0.jpg,94.55_02-09-2026_16-53-08.webp,94.55,02-09-2026,16-53-08
org035_0.jpg,94.72_21-08-2026_15-41-48.webp,94.72,21-08-2026,15-41-48
org036_0.jpg,94.7_25-08-2026_15-52-07.webp,94.7,25-08-2026,15-52-07
org037_0.jpg,94.83_27-08-2026_14-29-28.webp,94.83,27-08-2026,14-29-28
org038_0.jpg,94.8_01-09-2026_10-10-02.webp,94.8,01-09-2026,10-10-02
org039_0.jpg,94.94_05-09-2026_15-04-50.webp,94.94,05-09-2026,15-04-50
org040_0.jpg,94.97_02-09-2026_19-01-48.webp,94.97,02-09-2026,19-01-48
org041_0.jpg,95.03_04-09-2026_11-39-35.webp,95.03,04-09-2026,11-39-35
org042_0.jpg,95.07_01-09-2026_16-15-35.webp,95.07,01-09-2026,16-15-35
org043_0.jpg,95.17_29-08-2026_11-06-42.webp,95.17,29-08-2026,11-06-42
org044_0.jpg,95.19_05-09-2026_15-32-06.webp,95.19,05-09-2026,15-32-06
org045_0.jpg,95.24_19-08-2026_20-00-22.webp,95.24,19-08-2026,20-00-22
org046_0.jpg,95.29_21-08-2026_17-24-49.webp,95.29,21-08-2026,17-24-49
org047_0.jpg,95.2_05-09-2026_13-54-13.webp,95.2,05-09-2026,13-54-13
org048_0.jpg,95.32_02-09-2026_12-09-23.webp,95.32,02-09-2026,12-09-23
org049_0.jpg,95.35_05-09-2026_15-29-53.webp,95.35,05-09-2026,15-29-53
org050_0.jpg,95.36_28-08-2026_17-09-04.webp,95.36,28-08-2026,17-09-04
org051_0.jpg,95.49_05-09-2026_15-34-51.webp,95.49,05-09-2026,15-34-51
org052_0.jpg,95.63_24-08-2026_17-47-43.webp,95.63,24-08-2026,17-47-43
org053_0.jpg,95.75_02-09-2026_14-47-49.webp,95.75,02-09-2026,14-47-49
org054_0.jpg,95.76_23-08-2026_18-19-43.webp,95.76,23-08-2026,18-19-43
org055_0.jpg,95.88_02-09-2026_14-41-59.webp,95.88,02-09-2026,14-41-59
org056_0.jpg,95.8_19-08-2026_19-33-23.webp,95.8,19-08-2026,19-33-23
org057_0.jpg,95.8_19-08-2026_20-47-59.webp,95.8,19-08-2026,20-47-59
org058_0.jpg,96.05_28-08-2026_09-14-57.webp,96.05,28-08-2026,09-14-57
org059_0.jpg,96.07_28-08-2026_16-10-06.webp,96.07,28-08-2026,16-10-06
org060_0.jpg,96.08_22-08-2026_15-12-27.webp,96.08,22-08-2026,15-12-27
org061_0.jpg,96.08_28-08-2026_16-29-50.webp,96.08,28-08-2026,16-29-50
org062_0.jpg,96.11_22-08-2026_21-29-20.webp,96.11,22-08-2026,21-29-20
org063_0.jpg,96.13_19-08-2026_19-33-10.webp,96.13,19-08-2026,19-33-10
org064_0.jpg,96.15_22-08-2026_20-56-09.webp,96.15,22-08-2026,20-56-09
org065_0.jpg,96.27_20-08-2026_16-26-30.webp,96.27,20-08-2026,16-26-30
org066_0.jpg,96.29_21-08-2026_19-39-02.webp,96.29,21-08-2026,19-39-02
org067_0.jpg,96.2_28-08-2026_09-13-27.webp,96.2,28-08-2026,09-13-27
org068_0.jpg,96.2_28-08-2026_19-25-29.webp,96.2,28-08-2026,19-25-29
org069_0.jpg,96.31_09-09-2026_19-29-01.webp,96.31,09-09-2026,19-29-01
org070_0.jpg,96.31_21-08-2026_17-24-55.webp,96.31,21-08-2026,17-24-55
org071_0.jpg,96.3_08-09-2026_10-53-14.webp,96.3,08-09-2026,10-53-14
org072_0.jpg,96.3_28-08-2026_09-12-56.webp,96.3,28-08-2026,09-12-56
org073_0.jpg,96.42_22-08-2026_21-29-43.webp,96.42,22-08-2026,21-29-43
org074_0.jpg,96.44_05-09-2026_15-33-59.webp,96.44,05-09-2026,15-33-59
org075_0.jpg,96.45_02-09-2026_14-19-06.webp,96.45,02-09-2026,14-19-06
org076_0.jpg,96.45_19-08-2026_19-35-28.webp,96.45,19-08-2026,19-35-28
org077_0.jpg,96.53_03-09-2026_16-39-17.webp,96.53,03-09-2026,16-39-17
org078_0.jpg,96.54_04-09-2026_19-30-52.webp,96.54,04-09-2026,19-30-52
org079_0.jpg,96.55_30-08-2026_19-34-31.webp,96.55,30-08-2026,19-34-31
org080_0.jpg,96.58_05-09-2026_16-05-04.webp,96.58,05-09-2026,16-05-04
org081_0.jpg,96.61_28-08-2026_09-16-27.webp,96.61,28-08-2026,09-16-27
org082_0.jpg,96.62_07-09-2026_18-12-27.webp,96.62,07-09-2026,18-12-27
org083_0.jpg,96.64_26-08-2026_16-52-37.webp,96.64,26-08-2026,16-52-37
org084_0.jpg,96.65_02-09-2026_12-08-51.webp,96.65,02-09-2026,12-08-51
org085_0.jpg,96.66_22-08-2026_20-44-40.webp,96.66,22-08-2026,20-44-40
org086_0.jpg,96.67_27-08-2026_17-47-05.webp,96.67,27-08-2026,17-47-05
org087_0.jpg,96.74_28-08-2026_13-52-26.webp,96.74,28-08-2026,13-52-26
org088_0.jpg,96.76_07-09-2026_14-57-04.webp,96.76,07-09-2026,14-57-04
org089_0.jpg,96.77_24-08-2026_14-10-46.webp,96.77,24-08-2026,14-10-46
org090_0.jpg,96.78_25-08-2026_18-04-42.webp,96.78,25-08-2026,18-04-42
org091_0.jpg,96.79_20-08-2026_17-48-31.webp,96.79,20-08-2026,17-48-31
org092_0.jpg,96.79_28-08-2026_22-05-22.webp,96.79,28-08-2026,22-05-22
org093_0.jpg,96.7_28-08-2026_13-50-21.webp,96.7,28-08-2026,13-50-21
org094_0.jpg,96.83_20-08-2026_17-48-13.webp,96.83,20-08-2026,17-48-13
org095_0.jpg,96.8_25-08-2026_22-20-38.webp,96.8,25-08-2026,22-20-38
org096_0.jpg,96.96_05-09-2026_19-02-01.webp,96.96,05-09-2026,19-02-01
org097_0.jpg,96.98_19-08-2026_19-05-06.webp,96.98,19-08-2026,19-05-06
org098_0.jpg,97.02_29-08-2026_18-49-02.webp,97.02,29-08-2026,18-49-02
org099_0.jpg,97.08_05-09-2026_15-30-50.webp,97.08,05-09-2026,15-30-50
org100_0.jpg,97.23_05-09-2026_15-34-36.webp,97.23,05-09-2026,15-34-36
